name,code
Afghanistan,AFG
Albania,ALB
Algeria,DZA
American Samoa,ASM
Andorra,AND
Angola,AGO
Anguilla,AIA
Antarctica,ATA
Antigua and Barbuda,ATG
Argentina,ARG
Armenia,ARM
Aruba,ABW
Australia,AUS
Austria,AUT
Azerbaijan,AZE
Bahamas,BHS
Bahrain,BHR
Bangladesh,BGD
Barbados,BRB
Belarus,BLR
Belgium,BEL
Belize,BLZ
Benin,BEN
Bermuda,BMU
Bhutan,BTN
"Bolivia, Plurinational State of",BOL
"Bonaire, Sint Eustatius and Saba",BES
Bosnia and Herzegovina,BIH
Botswana,BWA
Bouvet Island,BVT
Brazil,BRA
British Indian Ocean Territory,IOT
Brunei Darussalam,BRN
Bulgaria,BGR
Burkina Faso,BFA
Burundi,BDI
Cambodia,KHM
Cameroon,CMR
Canada,CAN
Cape Verde,CPV
Cayman Islands,CYM
Central African Republic,CAF
Chad,TCD
Chile,CHL
China,CHN
Christmas Island,CXR
Cocos (Keeling) Islands,CCK
Colombia,COL
Comoros,COM
Congo,COG
"Congo, the Democratic Republic of the",COD
Cook Islands,COK
Costa Rica,CRI
Croatia,HRV
Cuba,CUB
Cura’_ao,CUW
Cyprus,CYP
Czech Republic,CZE
C’‚te d'Ivoire,CIV
Denmark,DNK
Djibouti,DJI
Dominica,DMA
Dominican Republic,DOM
Ecuador,ECU
Egypt,EGY
El Salvador,SLV
Equatorial Guinea,GNQ
Eritrea,ERI
Estonia,EST
Ethiopia,ETH
Falkland Islands (Malvinas),FLK
Faroe Islands,FRO
Fiji,FJI
Finland,FIN
France,FRA
French Guiana,GUF
French Polynesia,PYF
French Southern Territories,ATF
Gabon,GAB
Gambia,GMB
Georgia,GEO
Germany,DEU
Ghana,GHA
Gibraltar,GIB
Greece,GRC
Greenland,GRL
Grenada,GRD
Guadeloupe,GLP
Guam,GUM
Guatemala,GTM
Guernsey,GGY
Guinea,GIN
Guinea-Bissau,GNB
Guyana,GUY
Haiti,HTI
Heard Island and McDonald Islands,HMD
Holy See (Vatican City State),VAT
Honduras,HND
Hong Kong,HKG
Hungary,HUN
Iceland,ISL
India,IND
Indonesia,IDN
"Iran, Islamic Republic of",IRN
Iraq,IRQ
Ireland,IRL
Isle of Man,IMN
Israel,ISR
Italy,ITA
Jamaica,JAM
Japan,JPN
Jersey,JEY
Jordan,JOR
Kazakhstan,KAZ
Kenya,KEN
Kiribati,KIR
"Korea, Democratic People's Republic of",PRK
"Korea, Republic of",KOR
Kuwait,KWT
Kyrgyzstan,KGZ
Lao People's Democratic Republic,LAO
Latvia,LVA
Lebanon,LBN
Lesotho,LSO
Liberia,LBR
Libya,LBY
Liechtenstein,LIE
Lithuania,LTU
Luxembourg,LUX
Macao,MAC
"Macedonia, the Former Yugoslav Republic of",MKD
Madagascar,MDG
Malawi,MWI
Malaysia,MYS
Maldives,MDV
Mali,MLI
Malta,MLT
Marshall Islands,MHL
Martinique,MTQ
Mauritania,MRT
Mauritius,MUS
Mayotte,MYT
Mexico,MEX
"Micronesia, Federated States of",FSM
"Moldova, Republic of",MDA
Monaco,MCO
Mongolia,MNG
Montenegro,MNE
Montserrat,MSR
Morocco,MAR
Mozambique,MOZ
Myanmar,MMR
Namibia,NAM
Nauru,NRU
Nepal,NPL
Netherlands,NLD
New Caledonia,NCL
New Zealand,NZL
Nicaragua,NIC
Niger,NER
Nigeria,NGA
Niue,NIU
Norfolk Island,NFK
Northern Mariana Islands,MNP
Norway,NOR
Oman,OMN
Pakistan,PAK
Palau,PLW
"Palestine, State of",PSE
Panama,PAN
Papua New Guinea,PNG
Paraguay,PRY
Peru,PER
Philippines,PHL
Pitcairn,PCN
Poland,POL
Portugal,PRT
Puerto Rico,PRI
Qatar,QAT
Romania,ROU
Russian Federation,RUS
Rwanda,RWA
Rթunion,REU
Saint Barthթlemy,BLM
"Saint Helena, Ascension and Tristan da Cunha",SHN
Saint Kitts and Nevis,KNA
Saint Lucia,LCA
Saint Martin (French part),MAF
Saint Pierre and Miquelon,SPM
Saint Vincent and the Grenadines,VCT
Samoa,WSM
San Marino,SMR
Sao Tome and Principe,STP
Saudi Arabia,SAU
Senegal,SEN
Serbia,SRB
Seychelles,SYC
Sierra Leone,SLE
Singapore,SGP
Sint Maarten (Dutch part),SXM
Slovakia,SVK
Slovenia,SVN
Solomon Islands,SLB
Somalia,SOM
South Africa,ZAF
South Georgia and the South Sandwich Islands,SGS
South Sudan,SSD
Spain,ESP
Sri Lanka,LKA
Sudan,SDN
Suriname,SUR
Svalbard and Jan Mayen,SJM
Swaziland,SWZ
Sweden,SWE
Switzerland,CHE
Syrian Arab Republic,SYR
"Taiwan, Province of China",TWN
Tajikistan,TJK
"Tanzania, United Republic of",TZA
Thailand,THA
Timor-Leste,TLS
Togo,TGO
Tokelau,TKL
Tonga,TON
Trinidad and Tobago,TTO
Tunisia,TUN
Turkey,TUR
Turkmenistan,TKM
Turks and Caicos Islands,TCA
Tuvalu,TUV
Uganda,UGA
Ukraine,UKR
United Arab Emirates,ARE
United Kingdom,GBR
United States,USA
United States Minor Outlying Islands,UMI
Uruguay,URY
Uzbekistan,UZB
Vanuatu,VUT
"Venezuela, Bolivarian Republic of",VEN
Viet Nam,VNM
"Virgin Islands, British",VGB
"Virgin Islands, U.S.",VIR
Wallis and Futuna,WLF
Western Sahara,ESH
Yemen,YEM
Zambia,ZMB
Zimbabwe,ZWE
Հland Islands,ALA
Albanie,ALB
Algթrie,DZA
Samoa Amթricaines,ASM
Andorre,AND
Antarctique,ATA
Antigua-Et-Barbuda,ATG
Argentine,ARG
Armթnie,ARM
Australie,AUS
Autriche,AUT
Azerba’Àdjan,AZE
Bahre’Àn,BHR
Barbade,BRB
Bթlarus,BLR
Belgique,BEL
Bթnin,BEN
Bermudes,BMU
Bhoutan,BTN
"Bolivie, l'’_tat Plurinational de",BOL
"Bonaire, Saint-Eustache et Saba",BES
Bosnie-Herzթgovine,BIH
"Bouvet, ’_le",BVT
Brթsil,BRA
"Ocթan Indien, Territoire Britannique de l'",IOT
Bulgarie,BGR
Cambodge,KHM
Cameroun,CMR
Cap-Vert,CPV
"Ca’Àmans, ’_les",CYM
"Centrafricaine, Rթpublique",CAF
Tchad,TCD
Chili,CHL
Chine,CHN
"Christmas, ’_le",CXR
"Cocos (Keeling), ’_les",CCK
Colombie,COL
Comores,COM
"Congo, la Rթpublique Dթmocratique du",COD
"Cook, ’_les",COK
Croatie,HRV
Chypre,CYP
"TchՌque, Rթpublique",CZE
Danemark,DNK
Dominique,DMA
"Dominicaine, Rթpublique",DOM
’_quateur,ECU
’_gypte,EGY
Guin’©e ’_quatoriale,GNQ
’_rythr’©e,ERI
Estonie,EST
’_thiopie,ETH
"Falkland, ’_les (Malvinas)",FLK
"F’©ro’©, ’_les",FRO
Fidji,FJI
Finlande,FIN
Guyane Fran’_aise,GUF
Polyn’©sie Fran’_aise,PYF
Terres Australes Fran’_aises,ATF
Gambie,GMB
Gթorgie,GEO
Allemagne,DEU
GrՌce,GRC
Groenland,GRL
Grenade,GRD
Guernesey,GGY
Guinթe,GIN
Guinթe-Bissau,GNB
Ha’Àti,HTI
"Heard-Et-’_les Macdonald, ’_le",HMD
Saint-Si’åge (’_tat de la Cit’© du Vatican),VAT
Hongrie,HUN
Islande,ISL
Inde,IND
Indonթsie,IDN
"Iran, Rթpublique Islamique d'",IRN
Irlande,IRL
’_le de Man,IMN
IsraՉl,ISR
Italie,ITA
Jama’Àque,JAM
Japon,JPN
Jordanie,JOR
"Corթe, Rթpublique Populaire Dթmocratique de",PRK
"Corթe, Rթpublique de",KOR
Kowe’Àt,KWT
Kirghizistan,KGZ
"Lao, Rթpublique Dթmocratique Populaire",LAO
Lettonie,LVA
Liban,LBN
Libթria,LBR
Libye,LBY
Lituanie,LTU
"Macթdoine, l'Ex-rթpublique Yougoslave de",MKD
Malaisie,MYS
Malte,MLT
"Marshall, ’_les",MHL
Mauritanie,MRT
Maurice,MUS
Mexique,MEX
"Micron’©sie, ’_tats F’©d’©r’©s de",FSM
"Moldova, Rթpublique de",MDA
Mongolie,MNG
Montթnթgro,MNE
Maroc,MAR
Namibie,NAM
Nթpal,NPL
Pays-Bas,NLD
Nouvelle-Calթdonie,NCL
Nouvelle-Zթlande,NZL
Nigթria,NGA
Niuթ,NIU
"Norfolk, ’_le",NFK
"Mariannes du Nord, ’_les",MNP
NorvՌge,NOR
Palaos,PLW
"Palestine, ’_tat de",PSE
Papouasie-Nouvelle-Guinթe,PNG
Pթrou,PER
Pologne,POL
Porto Rico,PRI
Roumanie,ROU
"Russie, Fթdթration de",RUS
Saint-Barthթlemy,BLM
"Sainte-HթlՌne, Ascension et Tristan da Cunha",SHN
Saint-Kitts-Et-Nevis,KNA
Sainte-Lucie,LCA
Saint-Martin(partie Fran’_aise),MAF
Saint-Pierre-Et-Miquelon,SPM
Saint-Vincent-Et-Les Grenadines,VCT
Saint-Marin,SMR
Sao Tomթ-Et-Principe,STP
Arabie Saoudite,SAU
Sթnթgal,SEN
Serbie,SRB
Singapour,SGP
Saint-Martin (Partie Nթerlandaise),SXM
Slovaquie,SVK
Slovթnie,SVN
"Salomon, ’_les",SLB
Somalie,SOM
Afrique du Sud,ZAF
G’©orgie du Sud-Et-Les ’_les Sandwich du Sud,SGS
Soudan du Sud,SSD
Espagne,ESP
Soudan,SDN
Svalbard et ’_le Jan Mayen,SJM
SuՌde,SWE
Suisse,CHE
"Syrienne, Rթpublique Arabe",SYR
"Ta’Àwan, Province de Chine",TWN
Tadjikistan,TJK
"Tanzanie, Rթpublique-Unie de",TZA
Tha’Àlande,THA
Trinitթ-Et-Tobago,TTO
Tunisie,TUN
Turquie,TUR
Turkmթnistan,TKM
"Turks-Et-Ca’Àcos, ’_les",TCA
Ouganda,UGA
’_mirats Arabes Unis,ARE
Royaume-Uni,GBR
’_tats-Unis,USA
’_les Mineures ’_loign’©es des ’_tats-Unis,UMI
Ouzbթkistan,UZB
"Venezuela, Rթpublique Bolivarienne du",VEN
’_les Vierges Britanniques,VGB
’_les Vierges des ’_tats-Unis,VIR
Wallis et Futuna,WLF
Sahara Occidental,ESH
Yթmen,YEM
Zambie,ZMB
"’Äland, ’_les",ALA
Afghanistan (since 2009),AFG
Democratic Republic of the Congo,COD
Afghanistan (at time of listing),AFG
Afghanistan (previous address),AFG
Albania (at time of listing),ALB
Bangladesh (at time of listing),BGD
Bosnia and Herzegovina (Branch),BIH
British Virgin Islands,VGB
Democratic People's Republic of Korea,PRK
Democratic Republic of the Congo (as of June 2011),COD
DPRK,PRK
DRC,COD
Egypt (previous),EGY
Ethiopia (at time of listing),ETH
Germany (in prison since Sept 2007),DEU
Germany (in prison),DEU
Germany (previous address),DEU
Germany (Previous address),DEU
Germany (previous),DEU
In Syria as at June 2013,SYR
In Uganda as of late 2014.,UGA
Iraq (previous),IRQ
"Italy (Domicile, last known address)",ITA
Italy (Domicile),ITA
Ivory Coast,CIV
Jordan (since July 2013),JOR
Kenya (at time of listing),KEN
Kuwait (at time of listing),KWT
Kuwait (residence as at Mar 2009),KWT
Kuwait (residence as at Mar 2009) (UN address),KWT
Libya (as at Feb. 2014),LBY
Libya (previous location in 2004),LBY
Libyan Arab Jamahiriya,LBY
Luxembourg (previous address),LUX
Malaysia (as at Apr 2009),MYS
Netherlands (at time of listing),NLD
Pakistan (as at Apr 2009),PAK
Pakistan (at time of listing),PAK
Pakistan (Headquarters),PAK
Pakistan (location as at May 2008),PAK
Pakistan (Palatial bungalow in the hilly area),PAK
Pakistan (previous location),PAK
Rwanda (as of  late 2014),RWA
Rwanda (as of June 2011),RWA
Saudi Arabia (at time of listing),SAU
Syrian Arab Republic as of September 2015,SYR
Iran,IRN
Russia,RUS
Syria,SYR
Tanzania (at time of listing),TZA
Turkey (previous as at Aug 2009),TUR
Union of the Comoros (at time of listing),COM
United Arab Emirates (at time of listing),ARE
United Arab Emirates (Possible address),ARE
United Kingdom (previous address),GBR
United Kingdom (Previous address),GBR
United States of America (Former location),USA
Yemen (previous address),YEM
Yemen (since Nov 2008),YEM
United States of America,USA
(1) Afghan (2) Pakistani,AFG
(1) Algerian (2) Palestinian,DZA
(1) German (2) Moroccan,DEU
(1) Pakistani (2) Saudi Arabian,PAK
(1) Russian (2) USSR (until 1991),RUS
(1) United States of America (2)  Yemeni,USA
"a) French, b) Tunisian",FRA
Afghan,AFG
Algerian,DZA
Bahrain (citizenship revoked in January 2015),BHR
Bahraini,BHR
British,GBR
Burundian,BDI
Central African Republic,CAF
Egyptian,EGY
Filipino,PHL
French,FRA
Georgian,GEO
German,DEU
Indonesian,IDN
Indonesian (as at December 2003),IDN
Iranian,IRN
Iranian (Iranian citizenship),IRN
Iranian citizenship,IRN
Iraq,IRQ
Iraqi,IRQ
Jordanian,JOR
Kuwaiti,KWT
Kuwaiti citizenship,KWT
Kuwaiti citizenship withdrawn in 2002,KWT
Libyan,LBY
Mauritanian,MRT
Moroccan,MAR
North Korean,PRK
Norwegian,NOR
Not registered as a citizen of the Russian Federation,RUS
Pakistani,PAK
Palestinian,PSE
Qatari,QAT
Qatarian,QAT
Russian,RUS
Rwandan,RWA
Saudi Arabia citizenship,SAU
Saudi Arabian,SAU
Senegalese,SEN
Somali,SOM
South Sudan,SSD
Sudan,SDN
Syrian,SYR
Tunisian,TUN
Ugandan,UGA
United States of America,USA
Yemen,YEM
Yemeni,YEM
Congolese,COD
Ivorian,CIV
(1) (2) (4) Libyan Arab Jamahirya (3) Morocco,LBY
(1) Sudan (2) Mali,SDN
Afganistan,AFG
Kazakh Soviet Socialist Republic,KAZ
Kazakh SSR,KAZ
"North-Ossetian Autonomous SSR, RSFSR",RUS
Republic of Moldova,MDA
RSFSR,RUS
Ukrainian SSR,UKR
Ukrainian USSR,UKR
USSR,RUS
The Netherlands,NLD
14157 Teheran,IRN
15337 Teheran,IRN
Aleppo,SYR
Damas,SYR
Damascus,SYR
Damascus - Duty Free Zone,SYR
Damascus (Headquarters),SYR
Dummar Province,SYR
Esfahan,IRN
Gaza Strip,PSE
Istanbul,TUR
P.O. Box 2230,SYR
Pyongyang,PRK
Singida (at time of listing),TZA
South Hamgyong Province,PRK
Tanga (at time of listing),TZA
Teheran,IRN
Tehran,IRN
Tehran 1576935561,IRN
"Tehran, 16539-75751",IRN
Arak,IRN
Jankoysky District,UKR
Moscow,RUS
Crimea,UKR
Damascas,SYR
Kerch,UKR
London,GBR
BP 2900,SYR
Barzeh,SYR
Hamburg,DEU
Northern Darfur,SDN
PO Box 9525,SYR
"Syrian Arab Republic, location as of September 2015",SYR
Iran (human rights),IRN
Iran (nuclear proliferation),IRN
North Korea (Democratic People's Republic of Korea),PRK
Ukraine (Misappropriation),UKR
Ukraine (Sovereignty),UKR